{
	"info": {
		"_postman_id": "a9cacdf2-d383-4680-8005-48b4cb034d54",
		"name": "flask",
		"schema": "https://schema.getpostman.com/json/collection/v2.1.0/collection.json",
		"_exporter_id": "22510558"
	},
	"item": [
		{
			"name": "register",
			"request": {
				"method": "POST",
				"header": [],
				"body": {
					"mode": "raw",
					"raw": "{\n    \"name\":\"deep\",\"password\":\"deep@1\"\n}",
					"options": {
						"raw": {
							"language": "json"
						}
					}
				},
				"url": {
					"raw": "http://127.0.0.1:3000/register",
					"protocol": "http",
					"host": [
						"127",
						"0",
						"0",
						"1"
					],
					"port": "3000",
					"path": [
						"register"
					]
				}
			},
			"response": []
		},
		{
			"name": "login",
			"request": {
				"auth": {
					"type": "basic",
					"basic": [
						{
							"key": "password",
							"value": "deep@1",
							"type": "string"
						},
						{
							"key": "username",
							"value": "deep",
							"type": "string"
						}
					]
				},
				"method": "POST",
				"header": [],
				"url": {
					"raw": "http://127.0.0.1:3000/login",
					"protocol": "http",
					"host": [
						"127",
						"0",
						"0",
						"1"
					],
					"port": "3000",
					"path": [
						"login"
					]
				}
			},
			"response": []
		},
		{
			"name": "addemp",
			"request": {
				"method": "POST",
				"header": [
					{
						"key": "x-access-tokens",
						"value": "eyJ0eXAiOiJKV1QiLCJhbGciOiJIUzI1NiJ9.eyJwdWJsaWNfaWQiOiIzZjFiM2Q0Yi0xNDYxLTQyZmEtODdjOS0xNjExNDg5NjU5OWMiLCJleHAiOjE2NjI1MjcxOTB9.xAQk9DtFJlkkQao8vP4Xw2yd2oejuBWxa6XMbT2lT8A",
						"type": "text"
					}
				],
				"body": {
					"mode": "raw",
					"raw": "{\n    \"firstname\":\"k1r\",\n    \"lastname\":\"p1\",\n    \"email\":\"1112@gs.com\"\n}",
					"options": {
						"raw": {
							"language": "json"
						}
					}
				},
				"url": {
					"raw": "http://127.0.0.1:3000/employee/add_employee",
					"protocol": "http",
					"host": [
						"127",
						"0",
						"0",
						"1"
					],
					"port": "3000",
					"path": [
						"employee",
						"add_employee"
					]
				}
			},
			"response": []
		},
		{
			"name": "delete",
			"request": {
				"method": "GET",
				"header": [
					{
						"key": "x-access-tokens",
						"value": "eyJ0eXAiOiJKV1QiLCJhbGciOiJIUzI1NiJ9.eyJwdWJsaWNfaWQiOiIzZjFiM2Q0Yi0xNDYxLTQyZmEtODdjOS0xNjExNDg5NjU5OWMiLCJleHAiOjE2NjI1MjcxOTB9.xAQk9DtFJlkkQao8vP4Xw2yd2oejuBWxa6XMbT2lT8A",
						"type": "text"
					}
				],
				"url": {
					"raw": "http://127.0.0.1:3000/employee/delete_employee/5",
					"protocol": "http",
					"host": [
						"127",
						"0",
						"0",
						"1"
					],
					"port": "3000",
					"path": [
						"employee",
						"delete_employee",
						"5"
					]
				}
			},
			"response": []
		},
		{
			"name": "get_all_employee",
			"protocolProfileBehavior": {
				"disableBodyPruning": true
			},
			"request": {
				"method": "GET",
				"header": [
					{
						"key": "x-access-tokens",
						"value": "eyJ0eXAiOiJKV1QiLCJhbGciOiJIUzI1NiJ9.eyJwdWJsaWNfaWQiOiIzZjFiM2Q0Yi0xNDYxLTQyZmEtODdjOS0xNjExNDg5NjU5OWMiLCJleHAiOjE2NjI1MjkxMjJ9.ShoJmisp5xvk8lnmO6Av6nJ22soVxo3_4i6s9H0zuBo",
						"type": "text"
					}
				],
				"body": {
					"mode": "raw",
					"raw": "",
					"options": {
						"raw": {
							"language": "json"
						}
					}
				},
				"url": {
					"raw": "http://127.0.0.1:3000/employee",
					"protocol": "http",
					"host": [
						"127",
						"0",
						"0",
						"1"
					],
					"port": "3000",
					"path": [
						"employee"
					]
				}
			},
			"response": []
		},
		{
			"name": "edit",
			"request": {
				"method": "POST",
				"header": [
					{
						"key": "x-access-tokens",
						"value": "eyJ0eXAiOiJKV1QiLCJhbGciOiJIUzI1NiJ9.eyJwdWJsaWNfaWQiOiIzZjFiM2Q0Yi0xNDYxLTQyZmEtODdjOS0xNjExNDg5NjU5OWMiLCJleHAiOjE2NjI1MjcxOTB9.xAQk9DtFJlkkQao8vP4Xw2yd2oejuBWxa6XMbT2lT8A",
						"type": "text"
					}
				],
				"body": {
					"mode": "raw",
					"raw": "{\n    \"firstname\":\"k1r\",\n    \"lastname\":\"p\",\n    \"email\":\"ap1@gs.com\"\n}",
					"options": {
						"raw": {
							"language": "json"
						}
					}
				},
				"url": {
					"raw": "http://127.0.0.1:3000/employee/edit_employee/2",
					"protocol": "http",
					"host": [
						"127",
						"0",
						"0",
						"1"
					],
					"port": "3000",
					"path": [
						"employee",
						"edit_employee",
						"2"
					]
				}
			},
			"response": []
		}
	]
}